"sample","filename","date_made","experiment","batch","TU_IMI","TU_CLO","TU_CYPRO","conc_IMI","conc_CLO","conc_CYPRO"
1,"quants/1_quant.sf","04-05-21",1,1,"0","0","0",0,0,0
2,"quants/2_quant.sf","04-05-21",1,1,"0","0","0",0,0,0
4,"quants/4_quant.sf","04-05-21",1,1,"0","0","0",0,0,0
8,"quants/8_quant.sf","04-05-21",1,1,"0","1:5","0",0,0.048,0
9,"quants/9_quant.sf","04-05-21",1,1,"0","1:5","0",0,0.048,0
10,"quants/10_quant.sf","18-03-21",1,2,"0","1:5","0",0,0.048,0
11,"quants/11_quant.sf","04-05-21",1,1,"0","2:5","0",0,0.096,0
13,"quants/13_quant.sf","18-03-21",1,2,"0","2:5","0",0,0.096,0
14,"quants/14_quant.sf","04-05-21",1,1,"0","2:5","0",0,0.096,0
16,"quants/16_quant.sf","04-05-21",1,1,"0","3:5","0",0,0.144,0
19,"quants/19_quant.sf","04-05-21",1,1,"0","3:5","0",0,0.144,0
20,"quants/20_quant.sf","04-05-21",1,1,"0","3:5","0",0,0.144,0
21,"quants/21_quant.sf","04-05-21",1,1,"0","4:5","0",0,0.192,0
22,"quants/22_quant.sf","04-05-21",1,1,"0","4:5","0",0,0.192,0
24,"quants/24_quant.sf","04-05-21",1,1,"0","4:5","0",0,0.192,0
27,"quants/27_quant.sf","04-05-21",1,1,"0","1","0",0,0.24,0
28,"quants/28_quant.sf","04-05-21",1,1,"0","1","0",0,0.24,0
29,"quants/29_quant.sf","04-05-21",1,1,"0","1","0",0,0.24,0
31,"quants/31_quant.sf","04-05-21",1,1,"1:5","0","0",0.08,0,0
32,"quants/32_quant.sf","04-05-21",1,1,"1:5","0","0",0.08,0,0
33,"quants/33_quant.sf","04-05-21",1,1,"1:5","0","0",0.08,0,0
36,"quants/36_quant.sf","18-03-21",1,2,"1:5","1:5","0",0.08,0.048,0
37,"quants/37_quant.sf","04-05-21",1,1,"1:5","1:5","0",0.08,0.048,0
38,"quants/38_quant.sf","04-05-21",1,1,"1:5","1:5","0",0.08,0.048,0
41,"quants/41_quant.sf","04-05-21",1,1,"1:5","2:5","0",0.08,0.096,0
42,"quants/42_quant.sf","18-03-21",1,2,"1:5","2:5","0",0.08,0.096,0
43,"quants/43_quant.sf","04-05-21",1,1,"1:5","2:5","0",0.08,0.096,0
46,"quants/46_quant.sf","04-05-21",1,1,"1:5","3:5","0",0.08,0.144,0
49,"quants/49_quant.sf","18-03-21",1,2,"1:5","3:5","0",0.08,0.144,0
50,"quants/50_quant.sf","04-05-21",1,1,"1:5","3:5","0",0.08,0.144,0
51,"quants/51_quant.sf","18-03-21",1,2,"1:5","4:5","0",0.08,0.192,0
53,"quants/53_quant.sf","04-05-21",1,1,"1:5","4:5","0",0.08,0.192,0
54,"quants/54_quant.sf","04-05-21",1,1,"1:5","4:5","0",0.08,0.192,0
56,"quants/56_quant.sf","04-05-21",1,1,"2:5","0","0",0.16,0,0
57,"quants/57_quant.sf","04-05-21",1,1,"2:5","0","0",0.16,0,0
59,"quants/59_quant.sf","04-05-21",1,1,"2:5","0","0",0.16,0,0
61,"quants/61_quant.sf","04-05-21",1,1,"2:5","1:5","0",0.16,0.048,0
63,"quants/63_quant.sf","04-05-21",1,1,"2:5","1:5","0",0.16,0.048,0
64,"quants/64_quant.sf","04-05-21",1,1,"2:5","1:5","0",0.16,0.048,0
66,"quants/66_quant.sf","04-05-21",1,1,"2:5","2:5","0",0.16,0.096,0
67,"quants/67_quant.sf","04-05-21",1,1,"2:5","2:5","0",0.16,0.096,0
69,"quants/69_quant.sf","04-05-21",1,1,"2:5","2:5","0",0.16,0.096,0
71,"quants/71_quant.sf","04-05-21",1,1,"2:5","3:5","0",0.16,0.144,0
72,"quants/72_quant.sf","04-05-21",1,1,"2:5","3:5","0",0.16,0.144,0
73,"quants/73_quant.sf","04-05-21",1,1,"2:5","3:5","0",0.16,0.144,0
76,"quants/76_quant.sf","04-05-21",1,1,"2:5","4:5","0",0.16,0.192,0
77,"quants/77_quant.sf","04-05-21",1,1,"2:5","4:5","0",0.16,0.192,0
79,"quants/79_quant.sf","04-05-21",1,1,"2:5","4:5","0",0.16,0.192,0
81,"quants/81_quant.sf","04-05-21",1,1,"3:5","0","0",0.24,0,0
82,"quants/82_quant.sf","04-05-21",1,1,"3:5","0","0",0.24,0,0
84,"quants/84_quant.sf","18-03-21",1,2,"3:5","0","0",0.24,0,0
86,"quants/86_quant.sf","04-05-21",1,1,"3:5","1:5","0",0.24,0.048,0
87,"quants/87_quant.sf","04-05-21",1,1,"3:5","1:5","0",0.24,0.048,0
89,"quants/89_quant.sf","04-05-21",1,1,"3:5","1:5","0",0.24,0.048,0
91,"quants/91_quant.sf","18-03-21",1,2,"3:5","2:5","0",0.24,0.096,0
93,"quants/93_quant.sf","04-05-21",1,1,"3:5","2:5","0",0.24,0.096,0
95,"quants/95_quant.sf","04-05-21",1,1,"3:5","2:5","0",0.24,0.096,0
98,"quants/98_quant.sf","04-05-21",1,1,"3:5","3:5","0",0.24,0.144,0
99,"quants/99_quant.sf","18-03-21",1,2,"3:5","3:5","0",0.24,0.144,0
100,"quants/100_quant.sf","04-05-21",1,1,"3:5","3:5","0",0.24,0.144,0
101,"quants/101_quant.sf","18-03-21",1,2,"3:5","4:5","0",0.24,0.192,0
102,"quants/102_quant.sf","04-05-21",1,1,"3:5","4:5","0",0.24,0.192,0
104,"quants/104_quant.sf","04-05-21",1,1,"3:5","4:5","0",0.24,0.192,0
107,"quants/107_quant.sf","04-05-21",1,1,"4:5","0","0",0.32,0,0
108,"quants/108_quant.sf","04-05-21",1,1,"4:5","0","0",0.32,0,0
109,"quants/109_quant.sf","18-03-21",1,2,"4:5","0","0",0.32,0,0
111,"quants/111_quant.sf","18-03-21",1,2,"4:5","1:5","0",0.32,0.048,0
112,"quants/112_quant.sf","04-05-21",1,1,"4:5","1:5","0",0.32,0.048,0
113,"quants/113_quant.sf","04-05-21",1,1,"4:5","1:5","0",0.32,0.048,0
116,"quants/116_quant.sf","04-05-21",1,1,"4:5","2:5","0",0.32,0.096,0
117,"quants/117_quant.sf","04-05-21",1,1,"4:5","2:5","0",0.32,0.096,0
120,"quants/120_quant.sf","04-05-21",1,1,"4:5","2:5","0",0.32,0.096,0
121,"quants/121_quant.sf","04-05-21",1,1,"4:5","3:5","0",0.32,0.144,0
122,"quants/122_quant.sf","04-05-21",1,1,"4:5","3:5","0",0.32,0.144,0
124,"quants/124_quant.sf","04-05-21",1,1,"4:5","3:5","0",0.32,0.144,0
127,"quants/127_quant.sf","04-05-21",1,1,"4:5","4:5","0",0.32,0.192,0
128,"quants/128_quant.sf","04-05-21",1,1,"4:5","4:5","0",0.32,0.192,0
129,"quants/129_quant.sf","04-05-21",1,1,"4:5","4:5","0",0.32,0.192,0
132,"quants/132_quant.sf","04-05-21",1,1,"1","0","0",0.4,0,0
133,"quants/133_quant.sf","18-03-21",1,2,"1","0","0",0.4,0,0
135,"quants/135_quant.sf","04-05-21",1,1,"1","0","0",0.4,0,0
136,"quants/136_quant.sf","04-05-21",1,1,"1","1","0",0.4,0.24,0
139,"quants/139_quant.sf","04-05-21",1,1,"1","1","0",0.4,0.24,0
140,"quants/140_quant.sf","04-05-21",1,1,"1","1","0",0.4,0.24,0
202,"quants/202_quant.sf","04-05-21",2,1,"0","0","0",0,0,0
203,"quants/203_quant.sf","04-05-21",2,1,"0","0","0",0,0,0
204,"quants/204_quant.sf","04-05-21",2,1,"0","0","0",0,0,0
206,"quants/206_quant.sf","04-05-21",2,1,"1:5","0","0",0.08,0,0
207,"quants/207_quant.sf","18-03-21",2,2,"1:5","0","0",0.08,0,0
209,"quants/209_quant.sf","04-05-21",2,1,"1:5","0","0",0.08,0,0
212,"quants/212_quant.sf","04-05-21",2,1,"2:5","0","0",0.16,0,0
213,"quants/213_quant.sf","04-05-21",2,1,"2:5","0","0",0.16,0,0
214,"quants/214_quant.sf","04-05-21",2,1,"2:5","0","0",0.16,0,0
217,"quants/217_quant.sf","04-05-21",2,1,"3:5","0","0",0.24,0,0
218,"quants/218_quant.sf","04-05-21",2,1,"3:5","0","0",0.24,0,0
220,"quants/220_quant.sf","04-05-21",2,1,"3:5","0","0",0.24,0,0
222,"quants/222_quant.sf","04-05-21",2,1,"4:5","0","0",0.32,0,0
223,"quants/223_quant.sf","18-03-21",2,2,"4:5","0","0",0.32,0,0
224,"quants/224_quant.sf","18-03-21",2,2,"4:5","0","0",0.32,0,0
226,"quants/226_quant.sf","04-05-21",2,1,"1","0","0",0.4,0,0
227,"quants/227_quant.sf","04-05-21",2,1,"1","0","0",0.4,0,0
230,"quants/230_quant.sf","04-05-21",2,1,"1","0","0",0.4,0,0
231,"quants/231_quant.sf","04-05-21",2,1,"0","0","1:5",0,0,50
233,"quants/233_quant.sf","04-05-21",2,1,"0","0","1:5",0,0,50
235,"quants/235_quant.sf","04-05-21",2,1,"0","0","1:5",0,0,50
236,"quants/236_quant.sf","04-05-21",2,1,"1:5","0","1:5",0.08,0,50
238,"quants/238_quant.sf","18-03-21",2,2,"1:5","0","1:5",0.08,0,50
239,"quants/239_quant.sf","04-05-21",2,1,"1:5","0","1:5",0.08,0,50
243,"quants/243_quant.sf","04-05-21",2,1,"2:5","0","1:5",0.16,0,50
244,"quants/244_quant.sf","04-05-21",2,1,"2:5","0","1:5",0.16,0,50
245,"quants/245_quant.sf","04-05-21",2,1,"2:5","0","1:5",0.16,0,50
246,"quants/246_quant.sf","04-05-21",2,1,"3:5","0","1:5",0.24,0,50
247,"quants/247_quant.sf","18-03-21",2,2,"3:5","0","1:5",0.24,0,50
249,"quants/249_quant.sf","18-03-21",2,2,"3:5","0","1:5",0.24,0,50
251,"quants/251_quant.sf","04-05-21",2,1,"4:5","0","1:5",0.32,0,50
253,"quants/253_quant.sf","04-05-21",2,1,"4:5","0","1:5",0.32,0,50
254,"quants/254_quant.sf","04-05-21",2,1,"4:5","0","1:5",0.32,0,50
256,"quants/256_quant.sf","04-05-21",2,1,"0","0","2:5",0,0,100
259,"quants/259_quant.sf","04-05-21",2,1,"0","0","2:5",0,0,100
260,"quants/260_quant.sf","04-05-21",2,1,"0","0","2:5",0,0,100
261,"quants/261_quant.sf","04-05-21",2,1,"1:5","0","2:5",0.08,0,100
263,"quants/263_quant.sf","04-05-21",2,1,"1:5","0","2:5",0.08,0,100
265,"quants/265_quant.sf","18-03-21",2,2,"1:5","0","2:5",0.08,0,100
266,"quants/266_quant.sf","04-05-21",2,1,"2:5","0","2:5",0.16,0,100
269,"quants/269_quant.sf","04-05-21",2,1,"2:5","0","2:5",0.16,0,100
270,"quants/270_quant.sf","04-05-21",2,1,"2:5","0","2:5",0.16,0,100
271,"quants/271_quant.sf","04-05-21",2,1,"3:5","0","2:5",0.24,0,100
274,"quants/274_quant.sf","04-05-21",2,1,"3:5","0","2:5",0.24,0,100
275,"quants/275_quant.sf","04-05-21",2,1,"3:5","0","2:5",0.24,0,100
276,"quants/276_quant.sf","04-05-21",2,1,"4:5","0","2:5",0.32,0,100
279,"quants/279_quant.sf","04-05-21",2,1,"4:5","0","2:5",0.32,0,100
280,"quants/280_quant.sf","04-05-21",2,1,"4:5","0","2:5",0.32,0,100
281,"quants/281_quant.sf","18-03-21",2,2,"0","0","3:5",0,0,150
283,"quants/283_quant.sf","18-03-21",2,2,"0","0","3:5",0,0,150
284,"quants/284_quant.sf","18-03-21",2,2,"0","0","3:5",0,0,150
286,"quants/286_quant.sf","04-05-21",2,1,"1:5","0","3:5",0.08,0,150
287,"quants/287_quant.sf","04-05-21",2,1,"1:5","0","3:5",0.08,0,150
289,"quants/289_quant.sf","04-05-21",2,1,"1:5","0","3:5",0.08,0,150
292,"quants/292_quant.sf","04-05-21",2,1,"2:5","0","3:5",0.16,0,150
293,"quants/293_quant.sf","04-05-21",2,1,"2:5","0","3:5",0.16,0,150
294,"quants/294_quant.sf","04-05-21",2,1,"2:5","0","3:5",0.16,0,150
296,"quants/296_quant.sf","18-03-21",2,2,"3:5","0","3:5",0.24,0,150
297,"quants/297_quant.sf","04-05-21",2,1,"3:5","0","3:5",0.24,0,150
300,"quants/300_quant.sf","04-05-21",2,1,"3:5","0","3:5",0.24,0,150
301,"quants/301_quant.sf","04-05-21",2,1,"4:5","0","3:5",0.32,0,150
302,"quants/302_quant.sf","18-03-21",2,2,"4:5","0","3:5",0.32,0,150
305,"quants/305_quant.sf","04-05-21",2,1,"4:5","0","3:5",0.32,0,150
306,"quants/306_quant.sf","18-03-21",2,2,"0","0","4:5",0,0,200
307,"quants/307_quant.sf","04-05-21",2,1,"0","0","4:5",0,0,200
308,"quants/308_quant.sf","04-05-21",2,1,"0","0","4:5",0,0,200
311,"quants/311_quant.sf","04-05-21",2,1,"1:5","0","4:5",0.08,0,200
313,"quants/313_quant.sf","18-03-21",2,2,"1:5","0","4:5",0.08,0,200
314,"quants/314_quant.sf","04-05-21",2,1,"1:5","0","4:5",0.08,0,200
317,"quants/317_quant.sf","04-05-21",2,1,"2:5","0","4:5",0.16,0,200
318,"quants/318_quant.sf","18-03-21",2,2,"2:5","0","4:5",0.16,0,200
319,"quants/319_quant.sf","18-03-21",2,2,"2:5","0","4:5",0.16,0,200
321,"quants/321_quant.sf","18-03-21",2,2,"3:5","0","4:5",0.24,0,200
324,"quants/324_quant.sf","04-05-21",2,1,"3:5","0","4:5",0.24,0,200
325,"quants/325_quant.sf","04-05-21",2,1,"3:5","0","4:5",0.24,0,200
326,"quants/326_quant.sf","04-05-21",2,1,"4:5","0","4:5",0.32,0,200
327,"quants/327_quant.sf","04-05-21",2,1,"4:5","0","4:5",0.32,0,200
330,"quants/330_quant.sf","04-05-21",2,1,"4:5","0","4:5",0.32,0,200
332,"quants/332_quant.sf","18-03-21",2,2,"0","0","1",0,0,250
334,"quants/334_quant.sf","04-05-21",2,1,"0","0","1",0,0,250
335,"quants/335_quant.sf","04-05-21",2,1,"0","0","1",0,0,250
337,"quants/337_quant.sf","04-05-21",2,1,"1","0","1",0.4,0,250
339,"quants/339_quant.sf","04-05-21",2,1,"1","0","1",0.4,0,250
340,"quants/340_quant.sf","04-05-21",2,1,"1","0","1",0.4,0,250
